{"cameraMode":{"drawMode":0,"name":"Shaded","section":"Shading Mode"},"sceneLighting":true,"audioPlay":false,"sceneViewState":{"showFog":true,"showMaterialUpdate":false,"showSkybox":true,"showFlares":true,"showImageEffects":true,"showParticleSystems":true},"in2DMode":false,"pivot":{"x":1.5515820980072022,"y":-1.6243189573287964,"z":1.0686895847320557},"rotation":{"x":-0.07695092260837555,"y":0.922871470451355,"z":-0.25721096992492678,"w":-0.2760993242263794},"size":8.636469841003418,"orthographic":false}